<?xml version="1.0" ?>
<FlowMonitor>
  <FlowStats>
    <Flow flowId="1" timeFirstTxPacket="+2e+09ns" timeFirstRxPacket="+2.00637e+09ns" timeLastTxPacket="+2e+09ns" timeLastRxPacket="+2.00637e+09ns" delaySum="+6.3728e+06ns" jitterSum="+0ns" lastDelay="+6.3728e+06ns" txBytes="1052" rxBytes="1052" txPackets="1" rxPackets="1" lostPackets="0" timesForwarded="1">
      <delayHistogram nBins="7" >
        <bin index="6" start="0.006" width="0.001" count="1" />
      </delayHistogram>
      <jitterHistogram nBins="0" >
      </jitterHistogram>
      <packetSizeHistogram nBins="53" >
        <bin index="52" start="1040" width="20" count="1" />
      </packetSizeHistogram>
      <flowInterruptionsHistogram nBins="0" >
      </flowInterruptionsHistogram>
    </Flow>
    <Flow flowId="2" timeFirstTxPacket="+2e+09ns" timeFirstRxPacket="+2.00806e+09ns" timeLastTxPacket="+2e+09ns" timeLastRxPacket="+2.00806e+09ns" delaySum="+8.0592e+06ns" jitterSum="+0ns" lastDelay="+8.0592e+06ns" txBytes="1052" rxBytes="1052" txPackets="1" rxPackets="1" lostPackets="0" timesForwarded="1">
      <delayHistogram nBins="9" >
        <bin index="8" start="0.008" width="0.001" count="1" />
      </delayHistogram>
      <jitterHistogram nBins="0" >
      </jitterHistogram>
      <packetSizeHistogram nBins="53" >
        <bin index="52" start="1040" width="20" count="1" />
      </packetSizeHistogram>
      <flowInterruptionsHistogram nBins="0" >
      </flowInterruptionsHistogram>
    </Flow>
    <Flow flowId="3" timeFirstTxPacket="+2.00637e+09ns" timeFirstRxPacket="+2.01275e+09ns" timeLastTxPacket="+2.00637e+09ns" timeLastRxPacket="+2.01275e+09ns" delaySum="+6.3728e+06ns" jitterSum="+0ns" lastDelay="+6.3728e+06ns" txBytes="1052" rxBytes="1052" txPackets="1" rxPackets="1" lostPackets="0" timesForwarded="1">
      <delayHistogram nBins="7" >
        <bin index="6" start="0.006" width="0.001" count="1" />
      </delayHistogram>
      <jitterHistogram nBins="0" >
      </jitterHistogram>
      <packetSizeHistogram nBins="53" >
        <bin index="52" start="1040" width="20" count="1" />
      </packetSizeHistogram>
      <flowInterruptionsHistogram nBins="0" >
      </flowInterruptionsHistogram>
    </Flow>
    <Flow flowId="4" timeFirstTxPacket="+2.00806e+09ns" timeFirstRxPacket="+2.01443e+09ns" timeLastTxPacket="+2.00806e+09ns" timeLastRxPacket="+2.01443e+09ns" delaySum="+6.3728e+06ns" jitterSum="+0ns" lastDelay="+6.3728e+06ns" txBytes="1052" rxBytes="1052" txPackets="1" rxPackets="1" lostPackets="0" timesForwarded="1">
      <delayHistogram nBins="7" >
        <bin index="6" start="0.006" width="0.001" count="1" />
      </delayHistogram>
      <jitterHistogram nBins="0" >
      </jitterHistogram>
      <packetSizeHistogram nBins="53" >
        <bin index="52" start="1040" width="20" count="1" />
      </packetSizeHistogram>
      <flowInterruptionsHistogram nBins="0" >
      </flowInterruptionsHistogram>
    </Flow>
  </FlowStats>
  <Ipv4FlowClassifier>
    <Flow flowId="1" sourceAddress="10.1.1.1" destinationAddress="10.1.2.2" protocol="17" sourcePort="49153" destinationPort="9">
      <Dscp value="0x0" packets="1" />
    </Flow>
    <Flow flowId="2" sourceAddress="10.1.1.1" destinationAddress="10.1.2.2" protocol="17" sourcePort="49154" destinationPort="10">
      <Dscp value="0x0" packets="1" />
    </Flow>
    <Flow flowId="3" sourceAddress="10.1.2.2" destinationAddress="10.1.1.1" protocol="17" sourcePort="9" destinationPort="49153">
      <Dscp value="0x0" packets="1" />
    </Flow>
    <Flow flowId="4" sourceAddress="10.1.2.2" destinationAddress="10.1.1.1" protocol="17" sourcePort="10" destinationPort="49154">
      <Dscp value="0x0" packets="1" />
    </Flow>
  </Ipv4FlowClassifier>
  <Ipv6FlowClassifier>
  </Ipv6FlowClassifier>
  <FlowProbes>
    <FlowProbe index="0">
      <FlowStats  flowId="1" packets="1" bytes="1052" delayFromFirstProbeSum="+0ns" >
      </FlowStats>
      <FlowStats  flowId="2" packets="1" bytes="1052" delayFromFirstProbeSum="+0ns" >
      </FlowStats>
      <FlowStats  flowId="3" packets="1" bytes="1052" delayFromFirstProbeSum="+6.3728e+06ns" >
      </FlowStats>
      <FlowStats  flowId="4" packets="1" bytes="1052" delayFromFirstProbeSum="+6.3728e+06ns" >
      </FlowStats>
    </FlowProbe>
    <FlowProbe index="1">
    </FlowProbe>
    <FlowProbe index="2">
      <FlowStats  flowId="1" packets="1" bytes="1052" delayFromFirstProbeSum="+3.6864e+06ns" >
      </FlowStats>
      <FlowStats  flowId="2" packets="1" bytes="1052" delayFromFirstProbeSum="+5.3728e+06ns" >
      </FlowStats>
      <FlowStats  flowId="3" packets="1" bytes="1052" delayFromFirstProbeSum="+2.6864e+06ns" >
      </FlowStats>
      <FlowStats  flowId="4" packets="1" bytes="1052" delayFromFirstProbeSum="+2.6864e+06ns" >
      </FlowStats>
    </FlowProbe>
    <FlowProbe index="3">
    </FlowProbe>
    <FlowProbe index="4">
      <FlowStats  flowId="1" packets="1" bytes="1052" delayFromFirstProbeSum="+6.3728e+06ns" >
      </FlowStats>
      <FlowStats  flowId="2" packets="1" bytes="1052" delayFromFirstProbeSum="+8.0592e+06ns" >
      </FlowStats>
      <FlowStats  flowId="3" packets="1" bytes="1052" delayFromFirstProbeSum="+0ns" >
      </FlowStats>
      <FlowStats  flowId="4" packets="1" bytes="1052" delayFromFirstProbeSum="+0ns" >
      </FlowStats>
    </FlowProbe>
    <FlowProbe index="5">
    </FlowProbe>
  </FlowProbes>
</FlowMonitor>
